    variable,value
    source_vc,tst0901abc.us.global.pankaj.com
    SourceCluster,NURSERY-PDC3-C-M79
    migNonNsx,0
    tarDvswitch,X90C4VBDC
    pnicOnlyMig,0
    mgmtPg,C-VL3721-X90C4VBDC-MGMT-EPHEMERAL
    vmotionAPg,C-VL3719-X90C4VBDC-VMOTION-A-EPHEMERAL
    vmotionBPg,C-VL3719-X90C4VBDC-VMOTION-B-EPHEMERAL
    vsanPg,C-VL3900-X90C4VBDC-VSAN-EPHEMERAL
    finalUpp,UPP-PDC3-C-VSI-ESXI-CVDS-TVL3720
    finalTnp,TNP-PDC3-C-VSI-TVL3720
    vumBaseline,ESXi8u2b_w_NSX4.0.1.5
    hostsToUpg,1
    