{
    "teaming": {
        "policy": "LOADBALANCE_SRCID",
        "active_list": [
            {
                "uplink_name": "uplink1",
                "uplink_type": "PNIC"
            },
            {
                "uplink_name": "uplink2",
                "uplink_type": "PNIC"
            }
        ],
        "rolling_order": false
    },
    "named_teamings": [
        {
            "name": "uplink1-active",
            "policy": "FAILOVER_ORDER",
            "active_list": [
                {
                    "uplink_name": "uplink1",
                    "uplink_type": "PNIC"
                }
            ],
            "standby_list": [
                {
                    "uplink_name": "uplink2",
                    "uplink_type": "PNIC"
                }
            ],
            "rolling_order": false
        },
        {
            "name": "uplink2-active",
            "policy": "FAILOVER_ORDER",
            "active_list": [
                {
                    "uplink_name": "uplink2",
                    "uplink_type": "PNIC"
                }
            ],
            "standby_list": [
                {
                    "uplink_name": "uplink1",
                    "uplink_type": "PNIC"
                }
            ],
            "rolling_order": false
        }
    ],
    "transport_vlan": 3720,
    "overlay_encap": "GENEVE",
    "resource_type": "UplinkHostSwitchProfile",
    "display_name": "UPP-PDC1-C-VSI-ESXI-CVDS-TVL3720",
    "tags": []
}