Section,Name,Value
policy,policyName,SP_Dublin_BR_Router
policy,policyDescription,SP_Dublin_BR_Router
policy,policyMode,vedge-C8000V
policy,policyType,feature
policy,policyUseCase,custom
settings,zoneToNozoneInternet,deny
settings.highSpeedLogging,serverIp,10.145.248.200
settings.highSpeedLogging,vrf,100
settings.highSpeedLogging,port,2055
settings.logging,serverIP,10.145.248.200
settings.logging,vpn,100
settings.logging,failureMode,open
policyDefinition,zoneBasedFW,SELF_Zone_to_KEEPALIVE
policyDefinition,zoneBasedFW,Self_Zone-to-VPN_zone
policyDefinition,zoneBasedFW,VPN-TO-VPN_Austin
policyDefinition,zoneBasedFW,KEEPALIVE_to_SELF_Zone
policyDefinition,zoneBasedFW,Outside_Zone-to-Self_Zone
policyDefinition,zoneBasedFW,Outside_Zone-to-VPN_Zone
policyDefinition,zoneBasedFW,Self_Zone-to-Outside_Zone
policyDefinition,zoneBasedFW,VPN_To_Outside_Austin
policyDefinition,zoneBasedFW,VPN_Zone-to-Self_Zone
policyDefinition,urlFiltering,URL_Filtering
policyDefinition,intrusionPrevention,
