﻿zonebasedfwName,zonebasedfwDesc,sourceZone,destinationZone,sourceDataPrefixList,destinationDataPrefixList,baseAction,log,sourcePortList,sourcePort,destinationPortList,destionationPort,portocol,name,position,Branch,AutomationAction
SELF_Zone_to_KEEPALIVE,SELF_Zone_to_KEEPALIVE_Automation_API,self,KEEPALIVE,WK_DES_PREFIX,WK_DES_PREFIX,Pass,yes,,Any,,Any,Any,SELF_Zone_to_KEEPALIVE_Internal_allow,1,,
Self_Zone-to-VPN_zone,Self_Zone-to-VPN_zone_Automation_API,self,VPN,Any,WK_DES_PREFIX,Pass,yes,,Any,,Any,Any,Self_Zone-to-VPN_zone_Internal_allow,1,,
VPN-TO-VPN_Austin,VPN-TO-VPN_Austin_Automation_API,VPN,VPN,WK_DES_PREFIX,WK_BR_PREFIX,Inspect,yes,,Any,,Any,Any,VPN-TO-VPN_Internal_allow_Rule6,6,,
KEEPALIVE_to_SELF_Zone,KEEPALIVE_to_SELF_Zone_Automation_API,KEEPALIVE,self,WK_DES_PREFIX,WK_DES_PREFIX,Pass,yes,,Any,,Any,Any,KEEPALIVE_to_SELF_Zone_Internal_allow,1,,
Outside_Zone-to-Self_Zone,Outside_Zone-to-Self_Zone_Automation_API,outside,self,WK_DES_PREFIX,Any,Pass,yes,,Any,,Any,Any,Internal_allow,1,,
Outside_Zone-to-Self_Zone,Outside_Zone-to-Self_Zone_Automation_API,outside,self,Any,Any,Pass,yes,,Any,,IPSEC_ports,Any,Outside_Zone-to-Self_Zone Rule 2,2,,
Outside_Zone-to-Self_Zone,Outside_Zone-to-Self_Zone_Automation_API,outside,self,Any,Any,Inspect,yes,,Any,,4500,Any,Outside_Zone-to-Self_Zone Rule 3,3,,
Outside_Zone-to-VPN_Zone,Outside_Zone-to-VPN_Zone_Automation_API,outside,VPN,Any,NET-VIDEO-CONF,Pass,Yes,,SIP,,Any,Any,Outside_Zone-to-VPN_Zone_Rule 1,1,,
Outside_Zone-to-VPN_Zone,Outside_Zone-to-VPN_Zone_Automation_API,outside,VPN,Any,Any,Drop,Yes,,Any,,Any,Any,Outside_Zone-to-VPN_Zone_Rule 2,2,,
Self_Zone-to-Outside_Zone,Self_Zone-to-Outside_Zone_Automation_API,self,Outside,Any,Any,Inspect,yes,,Any,,Any,Any,Router_to_anywhere,1,,
VPN_To_Outside_Austin,VPN_To_Outside_Austin_Automation_API,VPN,Outside,NET-VIDEOCONFERENCE-MGT,NET-BLOCKED-TO-EXT,Drop,yes,,Any,,Any,Any,VPN_To_Outside_Rule 1,1,,
VPN_To_Outside_Austin,VPN_To_Outside_Austin_Automation_API,VPN,Outside,NET-VIDEOCONFERENCE-MGT,Any,Pass,yes,,Any,,SIP,Any,VPN_To_Outside_Rule 2,2,,
VPN_To_Outside_Austin,VPN_To_Outside_Austin_Automation_API,VPN,Outside,NET-VIDEOCONFERENCE-MGT,Any,Inspect,yes,,TRAFFIC_VIDEO_OUTBOUND,,Any,Any,VPN_To_Outside_Rule 3,3,,
VPN_To_Outside_Austin,VPN_To_Outside_Austin_Automation_API,VPN,Outside,WK_BR_PREFIX,Any,Inspect,yes,,Any,,Any,Any,VPN_To_Outside_Branch user Traffic to Zscaler,4,,
VPN_Zone-to-Self_Zone,VPN_Zone-to-Self_Zone_Automation_API,VPN,self,WK_DES_PREFIX,WK_DES_PREFIX,Pass,yes,,Any,,Any,Any,VPN_Zone-to-Self_Zone Rule 1,1,,
VPN_Zone-to-Self_Zone,VPN_Zone-to-Self_Zone_Automation_API,VPN,self,Any,Any,Inspect,yes,,Any,,67,17,VPN_Zone-to-Self_Zone Rule 2,2,,
VPN-TO-VPN_Austin,VPN-TO-VPN_Austin_Automation_API,VPN,VPN,Guest_subnet,WK_DES_PREFIX,Drop,yes,,Any,,Any,Any,VPN-TO-VPN_Block_Guest_Rule1,1,,
VPN-TO-VPN_Austin,VPN-TO-VPN_Austin_Automation_API,VPN,VPN,NET-VIDEOCONFERENCE-MGT,NET-VIDEO-CONF,Inspect,yes,,Any,,Any,Any,VPN-TO-VPN_Rule2,2,,
VPN-TO-VPN_Austin,VPN-TO-VPN_Austin_Automation_API,VPN,VPN,NET-VIDEO-CONF,NET-VIDEOCONFERENCE-MGT,Inspect,yes,,Any,,Any,1,VPN-TO-VPN_Rule3,3,,
VPN-TO-VPN_Austin,VPN-TO-VPN_Austin_Automation_API,VPN,VPN,WK_BR_PREFIX,WK_DES_PREFIX,Inspect,yes,,Any,,Any,Any,VPN-TO-VPN_Internal_allow_Rule4,4,,
VPN-TO-VPN_Austin,VPN-TO-VPN_Austin_Automation_API,VPN,VPN,WK_DES_PREFIX,WK_BR_PREFIX,Inspect,yes,,Any,,Any,Any,VPN-TO-VPN_Internal_allow_Rule5,5,,
VPN-TO-VPN_Austin_API_TEST,VPN-TO-VPN_Austin_API_TEST_Automation_API,VPN,VPN,WK_DES_PREFIX,WK_BR_PREFIX,Inspect,yes,,Any,,443,443,VPN-TO-VPN_Internal_allow,5,,