{
    "host_switch_spec": {
        "host_switches": [
            {
                "host_switch_name": "X90H2VCDC",
                "host_switch_id": "50 24 58 cf 2e 62 f1 e1-a1 f4 f6 d4 be 35 ef 43",
                "host_switch_type": "VDS",
                "host_switch_mode": "STANDARD",
                "host_switch_profile_ids": [
                    {
                        "key": "UplinkHostSwitchProfile",
                        "value": "e4046cbf-1067-4d05-b125-575d53a9f632"
                    }
                ],
                "uplinks": [
                    {
                        "vds_uplink_name": "Uplink 1",
                        "uplink_name": "uplink1"
                    },
                    {
                        "vds_uplink_name": "Uplink 2",
                        "uplink_name": "uplink2"
                    }
                ],
                "is_migrate_pnics": false,
                "ip_assignment_spec": {
                    "ip_pool_id": "9234e395-6c05-4ac5-9e8a-2f24d250b1fe",
                    "resource_type": "StaticIpPoolSpec"
                },
                "cpu_config": [],
                "transport_zone_endpoints": [
                    {
                        "transport_zone_id": "ed3be802-6184-4583-bb82-caafec41de57",
                        "transport_zone_profile_ids": []
                    },
                    {
                        "transport_zone_id": "cbb6de5a-08e1-4370-950e-eb6652e45ad9",
                        "transport_zone_profile_ids": []
                    }
                ],
                "not_ready": false
            }
        ],
        "resource_type": "StandardHostSwitchSpec"
    },
    "ignore_overridden_hosts": false,
    "resource_type": "TransportNodeProfile",
    "display_name": "TNP-PDC1-C-VSI-TVL3720_API"
}